<custom__type__definition>
  <version>5.2.0.0</version>
  <typeName class="org.mule.common.metadata.DefaultMetaDataKey">
    <id>getRes</id>
    <displayName>getRes</displayName>
    <category>DEFAULT</category>
    <metaDataKeyPropertiesManager>
      <properties>
        <org.mule.common.metadata.key.property.dsql.DsqlFromMetaDataKeyProperty/>
      </properties>
    </metaDataKeyPropertiesManager>
  </typeName>
  <metadataModel class="org.mule.common.metadata.DefaultXmlMetaDataModel">
    <dataType>XML</dataType>
    <metaDataModelPropertiesManager>
      <properties>
        <org.mule.common.metadata.property.TextBasedExampleMetaDataModelProperty/>
        <org.mule.common.metadata.property.xml.SchemaTypeMetaDataProperty>
          <typeQName>
            <namespaceURI>http://www.alainn.com/SOA/message/1.0</namespaceURI>
            <localPart>getItemsResponseType</localPart>
            <prefix></prefix>
          </typeQName>
        </org.mule.common.metadata.property.xml.SchemaTypeMetaDataProperty>
      </properties>
    </metaDataModelPropertiesManager>
    <fields>
      <org.mule.common.metadata.DefaultMetaDataField>
        <name>ns0:PageInfo</name>
        <model class="org.mule.common.metadata.DefaultXmlMetaDataModel">
          <dataType>XML</dataType>
          <metaDataModelPropertiesManager>
            <properties>
              <org.mule.common.metadata.property.xml.SchemaTypeMetaDataProperty>
                <typeQName>
                  <namespaceURI>http://www.alainn.com/SOA/message/1.0</namespaceURI>
                  <localPart>PageInfoType</localPart>
                  <prefix></prefix>
                </typeQName>
              </org.mule.common.metadata.property.xml.SchemaTypeMetaDataProperty>
            </properties>
          </metaDataModelPropertiesManager>
          <fields>
            <org.mule.common.metadata.DefaultMetaDataField>
              <name>pageIndex</name>
              <model class="org.mule.common.metadata.DefaultSimpleMetaDataModel">
                <dataType>INTEGER</dataType>
                <metaDataModelPropertiesManager>
                  <properties>
                    <org.mule.common.metadata.property.xml.SchemaTypeMetaDataProperty>
                      <typeQName>
                        <namespaceURI>http://www.w3.org/2001/XMLSchema</namespaceURI>
                        <localPart>byte</localPart>
                        <prefix></prefix>
                      </typeQName>
                    </org.mule.common.metadata.property.xml.SchemaTypeMetaDataProperty>
                  </properties>
                </metaDataModelPropertiesManager>
              </model>
              <accessType>READ_WRITE</accessType>
              <metaDataFieldPropertyManager>
                <properties>
                  <org.mule.common.metadata.property.QNameMetaDataProperty>
                    <name>
                      <namespaceURI></namespaceURI>
                      <localPart>pageIndex</localPart>
                      <prefix></prefix>
                    </name>
                  </org.mule.common.metadata.property.QNameMetaDataProperty>
                </properties>
              </metaDataFieldPropertyManager>
            </org.mule.common.metadata.DefaultMetaDataField>
            <org.mule.common.metadata.DefaultMetaDataField>
              <name>pageSize</name>
              <model class="org.mule.common.metadata.DefaultSimpleMetaDataModel">
                <dataType>INTEGER</dataType>
                <metaDataModelPropertiesManager>
                  <properties>
                    <org.mule.common.metadata.property.xml.SchemaTypeMetaDataProperty>
                      <typeQName reference="../../../../../../org.mule.common.metadata.DefaultMetaDataField/model/metaDataModelPropertiesManager/properties/org.mule.common.metadata.property.xml.SchemaTypeMetaDataProperty/typeQName"/>
                    </org.mule.common.metadata.property.xml.SchemaTypeMetaDataProperty>
                  </properties>
                </metaDataModelPropertiesManager>
              </model>
              <accessType>READ_WRITE</accessType>
              <metaDataFieldPropertyManager>
                <properties>
                  <org.mule.common.metadata.property.QNameMetaDataProperty>
                    <name>
                      <namespaceURI></namespaceURI>
                      <localPart>pageSize</localPart>
                      <prefix></prefix>
                    </name>
                  </org.mule.common.metadata.property.QNameMetaDataProperty>
                </properties>
              </metaDataFieldPropertyManager>
            </org.mule.common.metadata.DefaultMetaDataField>
          </fields>
          <rootElement>
            <namespaceURI>http://www.alainn.com/SOA/message/1.0</namespaceURI>
            <localPart>getItemsResponse</localPart>
            <prefix>ns0</prefix>
          </rootElement>
          <schemas class="org.mule.common.metadata.StringBasedSchemaProvider">
            <schemas>
              <string>&lt;xs:schema attributeFormDefault=&quot;unqualified&quot; elementFormDefault=&quot;qualified&quot; xmlns:xs=&quot;http://www.w3.org/2001/XMLSchema&quot;&gt;&#xd;
  &lt;xs:element name=&quot;summary&quot;&gt;&#xd;
    &lt;xs:simpleType&gt;&#xd;
      &lt;xs:restriction base=&quot;xs:string&quot;&gt;&#xd;
        &lt;xs:enumeration value=&quot;Disclaimer: This website is for informational purposes only.
            Always check the actual product label in your possession for the most
            accurate ingredient information due to product changes or upgrades
            that may not yet be reflected on our web site. These statements made
            in this website have not been evaluated by the Food and Drug
            Administration. The products offered are not intended to diagnose,
            treat
        &quot;/&gt;&#xd;
        &lt;xs:enumeration value=&quot;One of the finest natural skin emollients available&quot;/&gt;&#xd;
        &lt;xs:enumeration value=&quot;Ready to use, no mixing required&quot;/&gt;&#xd;
      &lt;/xs:restriction&gt;&#xd;
    &lt;/xs:simpleType&gt;&#xd;
  &lt;/xs:element&gt;&#xd;
  &lt;xs:element name=&quot;id&quot;&gt;&#xd;
    &lt;xs:simpleType&gt;&#xd;
      &lt;xs:restriction base=&quot;xs:string&quot;&gt;&#xd;
        &lt;xs:enumeration value=&quot;B0015BYNRO&quot;/&gt;&#xd;
        &lt;xs:enumeration value=&quot;B002K8AD02&quot;/&gt;&#xd;
        &lt;xs:enumeration value=&quot;B000I206JK&quot;/&gt;&#xd;
        &lt;xs:enumeration value=&quot;B003Y5XF2S&quot;/&gt;&#xd;
        &lt;xs:enumeration value=&quot;B0016BELU2&quot;/&gt;&#xd;
      &lt;/xs:restriction&gt;&#xd;
    &lt;/xs:simpleType&gt;&#xd;
  &lt;/xs:element&gt;&#xd;
  &lt;xs:element name=&quot;name&quot;&gt;&#xd;
    &lt;xs:simpleType&gt;&#xd;
      &lt;xs:restriction base=&quot;xs:string&quot;&gt;&#xd;
        &lt;xs:enumeration value=&quot;Now Foods LANOLIN PURE&quot;/&gt;&#xd;
        &lt;xs:enumeration value=&quot;Deep Steep Honey Bubble Bath&quot;/&gt;&#xd;
        &lt;xs:enumeration value=&quot;Now Foods Castor Oil&quot;/&gt;&#xd;
        &lt;xs:enumeration value=&quot;Manic Panic Semi-Permanent Color Cream&quot;/&gt;&#xd;
        &lt;xs:enumeration value=&quot;Herbatint Herbatint Permanent Chestnut (4n)&quot;/&gt;&#xd;
      &lt;/xs:restriction&gt;&#xd;
    &lt;/xs:simpleType&gt;&#xd;
  &lt;/xs:element&gt;&#xd;
  &lt;xs:element name=&quot;pageSize&quot; type=&quot;xs:byte&quot;/&gt;&#xd;
  &lt;xs:element name=&quot;images&quot; type=&quot;imagesType&quot;/&gt;&#xd;
  &lt;xs:element name=&quot;type&quot;&gt;&#xd;
    &lt;xs:simpleType&gt;&#xd;
      &lt;xs:restriction base=&quot;xs:string&quot;&gt;&#xd;
        &lt;xs:enumeration value=&quot;Oils&quot;/&gt;&#xd;
        &lt;xs:enumeration value=&quot;Bubble Bath&quot;/&gt;&#xd;
        &lt;xs:enumeration value=&quot;Chemical Hair Dyes&quot;/&gt;&#xd;
      &lt;/xs:restriction&gt;&#xd;
    &lt;/xs:simpleType&gt;&#xd;
  &lt;/xs:element&gt;&#xd;
  &lt;xs:element name=&quot;pageIndex&quot; type=&quot;xs:byte&quot;/&gt;&#xd;
  &lt;xs:complexType name=&quot;imageType&quot;&gt;&#xd;
    &lt;xs:simpleContent&gt;&#xd;
      &lt;xs:extension base=&quot;xs:anyURI&quot;&gt;&#xd;
        &lt;xs:attribute type=&quot;xs:string&quot; name=&quot;type&quot; use=&quot;optional&quot;/&gt;&#xd;
      &lt;/xs:extension&gt;&#xd;
    &lt;/xs:simpleContent&gt;&#xd;
  &lt;/xs:complexType&gt;&#xd;
  &lt;xs:complexType name=&quot;imagesType&quot;&gt;&#xd;
    &lt;xs:sequence&gt;&#xd;
      &lt;xs:element type=&quot;imageType&quot; name=&quot;image&quot;/&gt;&#xd;
    &lt;/xs:sequence&gt;&#xd;
  &lt;/xs:complexType&gt;&#xd;
&lt;/xs:schema&gt;</string>
              <string>&lt;xs:schema attributeFormDefault=&quot;unqualified&quot; elementFormDefault=&quot;qualified&quot; targetNamespace=&quot;http://www.alainn.com/SOA/message/1.0&quot; xmlns:xs=&quot;http://www.w3.org/2001/XMLSchema&quot;&gt;&#xd;
  &lt;xs:element name=&quot;getItemsResponse&quot; type=&quot;ns:getItemsResponseType&quot; xmlns:ns=&quot;http://www.alainn.com/SOA/message/1.0&quot;/&gt;&#xd;
  &lt;xs:complexType name=&quot;PageInfoType&quot;&gt;&#xd;
    &lt;xs:sequence&gt;&#xd;
      &lt;xs:element ref=&quot;pageIndex&quot;/&gt;&#xd;
      &lt;xs:element ref=&quot;pageSize&quot;/&gt;&#xd;
    &lt;/xs:sequence&gt;&#xd;
  &lt;/xs:complexType&gt;&#xd;
  &lt;xs:complexType name=&quot;getItemsResponseType&quot;&gt;&#xd;
    &lt;xs:sequence&gt;&#xd;
      &lt;xs:element type=&quot;ns:PageInfoType&quot; name=&quot;PageInfo&quot; xmlns:ns=&quot;http://www.alainn.com/SOA/message/1.0&quot;/&gt;&#xd;
      &lt;xs:element ref=&quot;ns:Item&quot; maxOccurs=&quot;unbounded&quot; minOccurs=&quot;0&quot; xmlns:ns=&quot;http://www.alainn.com/SOA/model/1.0&quot;/&gt;&#xd;
    &lt;/xs:sequence&gt;&#xd;
  &lt;/xs:complexType&gt;&#xd;
&lt;/xs:schema&gt;</string>
              <string>&lt;xs:schema attributeFormDefault=&quot;unqualified&quot; elementFormDefault=&quot;qualified&quot; targetNamespace=&quot;http://www.alainn.com/SOA/model/1.0&quot; xmlns:xs=&quot;http://www.w3.org/2001/XMLSchema&quot;&gt;&#xd;
  &lt;xs:element name=&quot;Item&quot; type=&quot;ns:ItemType&quot; xmlns:ns=&quot;http://www.alainn.com/SOA/model/1.0&quot;/&gt;&#xd;
  &lt;xs:complexType name=&quot;ItemType&quot;&gt;&#xd;
    &lt;xs:sequence&gt;&#xd;
      &lt;xs:element ref=&quot;id&quot;/&gt;&#xd;
      &lt;xs:element ref=&quot;type&quot;/&gt;&#xd;
      &lt;xs:element ref=&quot;name&quot;/&gt;&#xd;
      &lt;xs:element ref=&quot;summary&quot; minOccurs=&quot;0&quot;/&gt;&#xd;
      &lt;xs:element ref=&quot;images&quot;/&gt;&#xd;
    &lt;/xs:sequence&gt;&#xd;
  &lt;/xs:complexType&gt;&#xd;
&lt;/xs:schema&gt;</string>
            </schemas>
            <encoding>UTF-8</encoding>
          </schemas>
          <namespaceManager>
            <namespacePrefix>
              <entry>
                <string>http://www.alainn.com/SOA/message/1.0</string>
                <string>ns0</string>
              </entry>
              <entry>
                <string>http://www.alainn.com/SOA/model/1.0</string>
                <string>ns1</string>
              </entry>
            </namespacePrefix>
          </namespaceManager>
        </model>
        <accessType>READ_WRITE</accessType>
        <metaDataFieldPropertyManager>
          <properties>
            <org.mule.common.metadata.property.QNameMetaDataProperty>
              <name>
                <namespaceURI>http://www.alainn.com/SOA/message/1.0</namespaceURI>
                <localPart>PageInfo</localPart>
                <prefix>ns0</prefix>
              </name>
            </org.mule.common.metadata.property.QNameMetaDataProperty>
          </properties>
        </metaDataFieldPropertyManager>
      </org.mule.common.metadata.DefaultMetaDataField>
      <org.mule.common.metadata.DefaultMetaDataField>
        <name>ns1:Item</name>
        <model class="org.mule.common.metadata.DefaultListMetaDataModel">
          <dataType>LIST</dataType>
          <metaDataModelPropertiesManager>
            <properties>
              <org.mule.common.metadata.property.xml.SchemaTypeMetaDataProperty>
                <typeQName>
                  <namespaceURI>http://www.alainn.com/SOA/model/1.0</namespaceURI>
                  <localPart>ItemType</localPart>
                  <prefix></prefix>
                </typeQName>
              </org.mule.common.metadata.property.xml.SchemaTypeMetaDataProperty>
              <org.mule.common.metadata.property.xml.UnboundMetaDataProperty>
                <maxOccurs>2147483647</maxOccurs>
                <minOccurs>0</minOccurs>
              </org.mule.common.metadata.property.xml.UnboundMetaDataProperty>
            </properties>
          </metaDataModelPropertiesManager>
          <model class="org.mule.common.metadata.DefaultXmlMetaDataModel">
            <dataType>XML</dataType>
            <metaDataModelPropertiesManager>
              <properties/>
            </metaDataModelPropertiesManager>
            <fields>
              <org.mule.common.metadata.DefaultMetaDataField>
                <name>id</name>
                <model class="org.mule.common.metadata.DefaultSimpleMetaDataModel">
                  <dataType>STRING</dataType>
                  <metaDataModelPropertiesManager>
                    <properties/>
                  </metaDataModelPropertiesManager>
                </model>
                <accessType>READ_WRITE</accessType>
                <metaDataFieldPropertyManager>
                  <properties>
                    <org.mule.common.metadata.property.QNameMetaDataProperty>
                      <name>
                        <namespaceURI></namespaceURI>
                        <localPart>id</localPart>
                        <prefix></prefix>
                      </name>
                    </org.mule.common.metadata.property.QNameMetaDataProperty>
                  </properties>
                </metaDataFieldPropertyManager>
              </org.mule.common.metadata.DefaultMetaDataField>
              <org.mule.common.metadata.DefaultMetaDataField>
                <name>type</name>
                <model class="org.mule.common.metadata.DefaultSimpleMetaDataModel">
                  <dataType>STRING</dataType>
                  <metaDataModelPropertiesManager>
                    <properties/>
                  </metaDataModelPropertiesManager>
                </model>
                <accessType>READ_WRITE</accessType>
                <metaDataFieldPropertyManager>
                  <properties>
                    <org.mule.common.metadata.property.QNameMetaDataProperty>
                      <name>
                        <namespaceURI></namespaceURI>
                        <localPart>type</localPart>
                        <prefix></prefix>
                      </name>
                    </org.mule.common.metadata.property.QNameMetaDataProperty>
                  </properties>
                </metaDataFieldPropertyManager>
              </org.mule.common.metadata.DefaultMetaDataField>
              <org.mule.common.metadata.DefaultMetaDataField>
                <name>name</name>
                <model class="org.mule.common.metadata.DefaultSimpleMetaDataModel">
                  <dataType>STRING</dataType>
                  <metaDataModelPropertiesManager>
                    <properties/>
                  </metaDataModelPropertiesManager>
                </model>
                <accessType>READ_WRITE</accessType>
                <metaDataFieldPropertyManager>
                  <properties>
                    <org.mule.common.metadata.property.QNameMetaDataProperty>
                      <name>
                        <namespaceURI></namespaceURI>
                        <localPart>name</localPart>
                        <prefix></prefix>
                      </name>
                    </org.mule.common.metadata.property.QNameMetaDataProperty>
                  </properties>
                </metaDataFieldPropertyManager>
              </org.mule.common.metadata.DefaultMetaDataField>
              <org.mule.common.metadata.DefaultMetaDataField>
                <name>summary</name>
                <model class="org.mule.common.metadata.DefaultSimpleMetaDataModel">
                  <dataType>STRING</dataType>
                  <metaDataModelPropertiesManager>
                    <properties/>
                  </metaDataModelPropertiesManager>
                </model>
                <accessType>READ_WRITE</accessType>
                <metaDataFieldPropertyManager>
                  <properties>
                    <org.mule.common.metadata.property.QNameMetaDataProperty>
                      <name>
                        <namespaceURI></namespaceURI>
                        <localPart>summary</localPart>
                        <prefix></prefix>
                      </name>
                    </org.mule.common.metadata.property.QNameMetaDataProperty>
                  </properties>
                </metaDataFieldPropertyManager>
              </org.mule.common.metadata.DefaultMetaDataField>
              <org.mule.common.metadata.DefaultMetaDataField>
                <name>images</name>
                <model class="org.mule.common.metadata.DefaultXmlMetaDataModel">
                  <dataType>XML</dataType>
                  <metaDataModelPropertiesManager>
                    <properties>
                      <org.mule.common.metadata.property.xml.SchemaTypeMetaDataProperty>
                        <typeQName>
                          <namespaceURI></namespaceURI>
                          <localPart>imagesType</localPart>
                          <prefix></prefix>
                        </typeQName>
                      </org.mule.common.metadata.property.xml.SchemaTypeMetaDataProperty>
                    </properties>
                  </metaDataModelPropertiesManager>
                  <fields>
                    <org.mule.common.metadata.DefaultMetaDataField>
                      <name>image</name>
                      <model class="org.mule.common.metadata.DefaultXmlMetaDataModel">
                        <dataType>XML</dataType>
                        <metaDataModelPropertiesManager>
                          <properties>
                            <org.mule.common.metadata.property.xml.SchemaTypeMetaDataProperty>
                              <typeQName>
                                <namespaceURI></namespaceURI>
                                <localPart>imageType</localPart>
                                <prefix></prefix>
                              </typeQName>
                            </org.mule.common.metadata.property.xml.SchemaTypeMetaDataProperty>
                          </properties>
                        </metaDataModelPropertiesManager>
                        <fields>
                          <org.mule.common.metadata.DefaultMetaDataField>
                            <name>text()</name>
                            <model class="org.mule.common.metadata.DefaultSimpleMetaDataModel">
                              <dataType>STRING</dataType>
                              <metaDataModelPropertiesManager>
                                <properties/>
                              </metaDataModelPropertiesManager>
                            </model>
                            <accessType>READ_WRITE</accessType>
                            <metaDataFieldPropertyManager>
                              <properties>
                                <org.mule.common.metadata.property.QNameMetaDataProperty>
                                  <name>
                                    <namespaceURI></namespaceURI>
                                    <localPart>text()</localPart>
                                    <prefix></prefix>
                                  </name>
                                </org.mule.common.metadata.property.QNameMetaDataProperty>
                              </properties>
                            </metaDataFieldPropertyManager>
                          </org.mule.common.metadata.DefaultMetaDataField>
                          <org.mule.common.metadata.DefaultMetaDataField>
                            <name>type</name>
                            <model class="org.mule.common.metadata.DefaultSimpleMetaDataModel">
                              <dataType>STRING</dataType>
                              <metaDataModelPropertiesManager>
                                <properties>
                                  <org.mule.common.metadata.property.xml.SchemaTypeMetaDataProperty>
                                    <typeQName>
                                      <namespaceURI>http://www.w3.org/2001/XMLSchema</namespaceURI>
                                      <localPart>string</localPart>
                                      <prefix></prefix>
                                    </typeQName>
                                  </org.mule.common.metadata.property.xml.SchemaTypeMetaDataProperty>
                                </properties>
                              </metaDataModelPropertiesManager>
                            </model>
                            <accessType>READ_WRITE</accessType>
                            <metaDataFieldPropertyManager>
                              <properties>
                                <org.mule.common.metadata.property.QNameMetaDataProperty>
                                  <name>
                                    <namespaceURI></namespaceURI>
                                    <localPart>type</localPart>
                                    <prefix></prefix>
                                  </name>
                                </org.mule.common.metadata.property.QNameMetaDataProperty>
                                <org.mule.common.metadata.property.LabelMetaDataProperty>
                                  <label>@type</label>
                                </org.mule.common.metadata.property.LabelMetaDataProperty>
                                <org.mule.common.metadata.property.xml.AttributeMetaDataFieldProperty>
                                  <isAttribute>true</isAttribute>
                                </org.mule.common.metadata.property.xml.AttributeMetaDataFieldProperty>
                              </properties>
                            </metaDataFieldPropertyManager>
                          </org.mule.common.metadata.DefaultMetaDataField>
                        </fields>
                        <rootElement>
                          <namespaceURI>http://www.alainn.com/SOA/message/1.0</namespaceURI>
                          <localPart>getItemsResponse</localPart>
                          <prefix>ns0</prefix>
                        </rootElement>
                        <schemas class="org.mule.common.metadata.StringBasedSchemaProvider" reference="../../../../../../../../../../org.mule.common.metadata.DefaultMetaDataField/model/schemas"/>
                        <namespaceManager reference="../../../../../../../../../../org.mule.common.metadata.DefaultMetaDataField/model/namespaceManager"/>
                      </model>
                      <accessType>READ_WRITE</accessType>
                      <metaDataFieldPropertyManager>
                        <properties>
                          <org.mule.common.metadata.property.QNameMetaDataProperty>
                            <name>
                              <namespaceURI></namespaceURI>
                              <localPart>image</localPart>
                              <prefix></prefix>
                            </name>
                          </org.mule.common.metadata.property.QNameMetaDataProperty>
                        </properties>
                      </metaDataFieldPropertyManager>
                    </org.mule.common.metadata.DefaultMetaDataField>
                  </fields>
                  <rootElement>
                    <namespaceURI>http://www.alainn.com/SOA/message/1.0</namespaceURI>
                    <localPart>getItemsResponse</localPart>
                    <prefix>ns0</prefix>
                  </rootElement>
                  <schemas class="org.mule.common.metadata.StringBasedSchemaProvider" reference="../../../../../../../org.mule.common.metadata.DefaultMetaDataField/model/schemas"/>
                  <namespaceManager reference="../../../../../../../org.mule.common.metadata.DefaultMetaDataField/model/namespaceManager"/>
                </model>
                <accessType>READ_WRITE</accessType>
                <metaDataFieldPropertyManager>
                  <properties>
                    <org.mule.common.metadata.property.QNameMetaDataProperty>
                      <name>
                        <namespaceURI></namespaceURI>
                        <localPart>images</localPart>
                        <prefix></prefix>
                      </name>
                    </org.mule.common.metadata.property.QNameMetaDataProperty>
                  </properties>
                </metaDataFieldPropertyManager>
              </org.mule.common.metadata.DefaultMetaDataField>
            </fields>
            <rootElement>
              <namespaceURI>http://www.alainn.com/SOA/message/1.0</namespaceURI>
              <localPart>getItemsResponse</localPart>
              <prefix>ns0</prefix>
            </rootElement>
            <schemas class="org.mule.common.metadata.StringBasedSchemaProvider" reference="../../../../org.mule.common.metadata.DefaultMetaDataField/model/schemas"/>
            <namespaceManager reference="../../../../org.mule.common.metadata.DefaultMetaDataField/model/namespaceManager"/>
          </model>
          <isArray>false</isArray>
        </model>
        <accessType>READ_WRITE</accessType>
        <metaDataFieldPropertyManager>
          <properties>
            <org.mule.common.metadata.property.QNameMetaDataProperty>
              <name>
                <namespaceURI>http://www.alainn.com/SOA/model/1.0</namespaceURI>
                <localPart>Item</localPart>
                <prefix>ns1</prefix>
              </name>
            </org.mule.common.metadata.property.QNameMetaDataProperty>
          </properties>
        </metaDataFieldPropertyManager>
      </org.mule.common.metadata.DefaultMetaDataField>
    </fields>
    <rootElement>
      <namespaceURI>http://www.alainn.com/SOA/message/1.0</namespaceURI>
      <localPart>getItemsResponse</localPart>
      <prefix>ns0</prefix>
    </rootElement>
    <schemas class="org.mule.common.metadata.StringBasedSchemaProvider">
      <schemas reference="../../fields/org.mule.common.metadata.DefaultMetaDataField/model/schemas/schemas"/>
      <encoding reference="../../fields/org.mule.common.metadata.DefaultMetaDataField/model/schemas/encoding"/>
    </schemas>
    <namespaceManager reference="../fields/org.mule.common.metadata.DefaultMetaDataField/model/namespaceManager"/>
  </metadataModel>
</custom__type__definition>