<custom__type__definition>
  <version>5.2.0.0</version>
  <typeName class="org.mule.common.metadata.DefaultMetaDataKey">
    <id>user</id>
    <displayName>user</displayName>
    <category>DEFAULT</category>
    <metaDataKeyPropertiesManager>
      <properties>
        <org.mule.common.metadata.key.property.dsql.DsqlFromMetaDataKeyProperty/>
      </properties>
    </metaDataKeyPropertiesManager>
  </typeName>
  <metadataModel class="org.mule.common.metadata.DefaultXmlMetaDataModel">
    <dataType>XML</dataType>
    <metaDataModelPropertiesManager>
      <properties>
        <org.mule.common.metadata.property.TextBasedExampleMetaDataModelProperty/>
        <org.mule.common.metadata.property.xml.SchemaTypeMetaDataProperty>
          <typeQName>
            <namespaceURI></namespaceURI>
            <localPart>usersType</localPart>
            <prefix></prefix>
          </typeQName>
        </org.mule.common.metadata.property.xml.SchemaTypeMetaDataProperty>
      </properties>
    </metaDataModelPropertiesManager>
    <fields>
      <org.mule.common.metadata.DefaultMetaDataField>
        <name>user</name>
        <model class="org.mule.common.metadata.DefaultListMetaDataModel">
          <dataType>LIST</dataType>
          <metaDataModelPropertiesManager>
            <properties>
              <org.mule.common.metadata.property.xml.SchemaTypeMetaDataProperty>
                <typeQName>
                  <namespaceURI></namespaceURI>
                  <localPart>userType</localPart>
                  <prefix></prefix>
                </typeQName>
              </org.mule.common.metadata.property.xml.SchemaTypeMetaDataProperty>
              <org.mule.common.metadata.property.xml.UnboundMetaDataProperty>
                <maxOccurs>2147483647</maxOccurs>
                <minOccurs>0</minOccurs>
              </org.mule.common.metadata.property.xml.UnboundMetaDataProperty>
            </properties>
          </metaDataModelPropertiesManager>
          <model class="org.mule.common.metadata.DefaultXmlMetaDataModel">
            <dataType>XML</dataType>
            <metaDataModelPropertiesManager>
              <properties/>
            </metaDataModelPropertiesManager>
            <fields>
              <org.mule.common.metadata.DefaultMetaDataField>
                <name>name</name>
                <model class="org.mule.common.metadata.DefaultSimpleMetaDataModel">
                  <dataType>STRING</dataType>
                  <metaDataModelPropertiesManager>
                    <properties/>
                  </metaDataModelPropertiesManager>
                </model>
                <accessType>READ_WRITE</accessType>
                <metaDataFieldPropertyManager>
                  <properties>
                    <org.mule.common.metadata.property.QNameMetaDataProperty>
                      <name>
                        <namespaceURI></namespaceURI>
                        <localPart>name</localPart>
                        <prefix></prefix>
                      </name>
                    </org.mule.common.metadata.property.QNameMetaDataProperty>
                  </properties>
                </metaDataFieldPropertyManager>
              </org.mule.common.metadata.DefaultMetaDataField>
              <org.mule.common.metadata.DefaultMetaDataField>
                <name>phone</name>
                <model class="org.mule.common.metadata.DefaultSimpleMetaDataModel">
                  <dataType>LONG</dataType>
                  <metaDataModelPropertiesManager>
                    <properties/>
                  </metaDataModelPropertiesManager>
                </model>
                <accessType>READ_WRITE</accessType>
                <metaDataFieldPropertyManager>
                  <properties>
                    <org.mule.common.metadata.property.QNameMetaDataProperty>
                      <name>
                        <namespaceURI></namespaceURI>
                        <localPart>phone</localPart>
                        <prefix></prefix>
                      </name>
                    </org.mule.common.metadata.property.QNameMetaDataProperty>
                  </properties>
                </metaDataFieldPropertyManager>
              </org.mule.common.metadata.DefaultMetaDataField>
              <org.mule.common.metadata.DefaultMetaDataField>
                <name>street</name>
                <model class="org.mule.common.metadata.DefaultSimpleMetaDataModel">
                  <dataType>STRING</dataType>
                  <metaDataModelPropertiesManager>
                    <properties/>
                  </metaDataModelPropertiesManager>
                </model>
                <accessType>READ_WRITE</accessType>
                <metaDataFieldPropertyManager>
                  <properties>
                    <org.mule.common.metadata.property.QNameMetaDataProperty>
                      <name>
                        <namespaceURI></namespaceURI>
                        <localPart>street</localPart>
                        <prefix></prefix>
                      </name>
                    </org.mule.common.metadata.property.QNameMetaDataProperty>
                  </properties>
                </metaDataFieldPropertyManager>
              </org.mule.common.metadata.DefaultMetaDataField>
            </fields>
            <rootElement>
              <namespaceURI></namespaceURI>
              <localPart>users</localPart>
              <prefix></prefix>
            </rootElement>
            <schemas class="org.mule.common.metadata.StringBasedSchemaProvider">
              <schemas>
                <string>&lt;xs:schema attributeFormDefault=&quot;unqualified&quot; elementFormDefault=&quot;qualified&quot; xmlns:xs=&quot;http://www.w3.org/2001/XMLSchema&quot;&gt;&#xd;
  &lt;xs:element name=&quot;users&quot; type=&quot;usersType&quot;/&gt;&#xd;
  &lt;xs:complexType name=&quot;usersType&quot;&gt;&#xd;
    &lt;xs:sequence&gt;&#xd;
      &lt;xs:element type=&quot;userType&quot; name=&quot;user&quot; maxOccurs=&quot;unbounded&quot; minOccurs=&quot;0&quot;/&gt;&#xd;
    &lt;/xs:sequence&gt;&#xd;
  &lt;/xs:complexType&gt;&#xd;
  &lt;xs:complexType name=&quot;userType&quot;&gt;&#xd;
    &lt;xs:sequence&gt;&#xd;
      &lt;xs:element name=&quot;name&quot;&gt;&#xd;
        &lt;xs:simpleType&gt;&#xd;
          &lt;xs:restriction base=&quot;xs:string&quot;&gt;&#xd;
            &lt;xs:enumeration value=&quot;Mariano Achaval&quot;/&gt;&#xd;
            &lt;xs:enumeration value=&quot;Martin Alejandro Cousido&quot;/&gt;&#xd;
          &lt;/xs:restriction&gt;&#xd;
        &lt;/xs:simpleType&gt;&#xd;
      &lt;/xs:element&gt;&#xd;
      &lt;xs:element name=&quot;phone&quot;&gt;&#xd;
        &lt;xs:simpleType&gt;&#xd;
          &lt;xs:restriction base=&quot;xs:long&quot;&gt;&#xd;
            &lt;xs:enumeration value=&quot;152235465654&quot;/&gt;&#xd;
            &lt;xs:enumeration value=&quot;15332255555&quot;/&gt;&#xd;
          &lt;/xs:restriction&gt;&#xd;
        &lt;/xs:simpleType&gt;&#xd;
      &lt;/xs:element&gt;&#xd;
      &lt;xs:element name=&quot;street&quot;&gt;&#xd;
        &lt;xs:simpleType&gt;&#xd;
          &lt;xs:restriction base=&quot;xs:string&quot;&gt;&#xd;
            &lt;xs:enumeration value=&quot;Laprida 924&quot;/&gt;&#xd;
            &lt;xs:enumeration value=&quot;Acassuso 2280&quot;/&gt;&#xd;
          &lt;/xs:restriction&gt;&#xd;
        &lt;/xs:simpleType&gt;&#xd;
      &lt;/xs:element&gt;&#xd;
    &lt;/xs:sequence&gt;&#xd;
  &lt;/xs:complexType&gt;&#xd;
&lt;/xs:schema&gt;</string>
              </schemas>
              <encoding>UTF-8</encoding>
            </schemas>
            <namespaceManager>
              <namespacePrefix/>
            </namespaceManager>
          </model>
          <isArray>false</isArray>
        </model>
        <accessType>READ_WRITE</accessType>
        <metaDataFieldPropertyManager>
          <properties>
            <org.mule.common.metadata.property.QNameMetaDataProperty>
              <name>
                <namespaceURI></namespaceURI>
                <localPart>user</localPart>
                <prefix></prefix>
              </name>
            </org.mule.common.metadata.property.QNameMetaDataProperty>
          </properties>
        </metaDataFieldPropertyManager>
      </org.mule.common.metadata.DefaultMetaDataField>
    </fields>
    <rootElement reference="../fields/org.mule.common.metadata.DefaultMetaDataField/model/model/rootElement"/>
    <schemas class="org.mule.common.metadata.StringBasedSchemaProvider">
      <schemas reference="../../fields/org.mule.common.metadata.DefaultMetaDataField/model/model/schemas/schemas"/>
      <encoding reference="../../fields/org.mule.common.metadata.DefaultMetaDataField/model/model/schemas/encoding"/>
    </schemas>
    <namespaceManager reference="../fields/org.mule.common.metadata.DefaultMetaDataField/model/model/namespaceManager"/>
  </metadataModel>
</custom__type__definition>